Calendar Mth,Myki TouchOn
2014 January,11712068
2014 February,13957980
2014 March,16592131
2014 April,14738788
2014 May,16808068
2014 June,14517446
2014 July,15689563
2014 August,16657225
2014 September,16306984
2014 October,16805577
2014 November,14891414
2014 December,13861426
2015 January,13338910
2015 February,15676190
2015 March,18469698
2015 April,16596685
2015 May,17649209
2015 June,16010715
2015 July,16990286
2015 August,17271683
2015 September,16701255
2015 October,17049682
2015 November,15898212
2015 December,14670463
2016 January,13668588
2016 February,16815373
2016 March,18066041
2016 April,17951862
2016 May,18429669
2016 June,16206524
2016 July,16524165
2016 August,18704140
2016 September,17101881
2016 October,16918597
2016 November,16850730
2016 December,14821131
2017 January,14120734
2017 February,16443477
2017 March,20308136
2017 April,16246804
2017 May,19752026
2017 June,17375507
2017 July,17434154
2017 August,19376171
2017 September,17256733
2017 October,18175106
2017 November,17499014
2017 December,14881608
2018 January,14639376
2018 February,17142370
2018 March,19838864
2018 April,17663865
2018 May,19776650
2018 June,16656636
2018 July,18075345
2018 August,19790975
2018 September,17607760
2018 October,19475710
2018 November,18037958
2018 December,14215972
2019 January,14642236
2019 February,17305350
2019 March,19357088
2019 April,16158542
2019 May,19877864
2019 June,16328684
2019 July,17904996
2019 August,19406289
2019 September,17567222
2019 October,19068005
2019 November,17250507
2019 December,14981372
2020 January,14144612
2020 February,16421711
2020 March,11332114
2020 April,1737171
2020 May,2766202
2020 June,4531817
2020 July,2923641
2020 August,1380507
2020 September,1435558
2020 October,2442621
2020 November,4786409
2020 December,6119186
2021 January,5474486
2021 February,6069263
2021 March,9292917
2021 April,9338172
2021 May,9099892
2021 June,4939757
2021 July,5739300
2021 August,2901717
2021 September,1961864
2021 October,2769647
2021 November,6144006
2021 December,6894418
2022 January,4291161
2022 February,6405754
2022 March,10040595
2022 April,9147805
2022 May,10003035
2022 June,9279664
2022 July,9442758
2022 August,10447435
2022 September,10404090
2022 October,10787222
2022 November,10923820
2022 December,9832661
2023 January,8303744
2023 February,10759714
2023 March,13878368
2023 April,11091517
2023 May,12918784
2023 June,11084196
2023 July,11841999
2023 August,13846761
2023 September,12396956
2023 October,12721182
2023 November,12244447
2023 December,11173539
2024 January,11004069
2024 February,13300208
2024 March,14473778
2024 April,13487193
2024 May,14534698
2024 June,12106769
2024 July,13338502
2024 August,14495682
2024 September,12831746
2024 October,14266746
2024 November,12531875
2024 December,11314134
2025 January,11088029
2025 February,8380494
